{"cameraMode":{"drawMode":0,"name":"Shaded","section":"Shading Mode"},"sceneLighting":true,"audioPlay":false,"sceneViewState":{"showFog":true,"showMaterialUpdate":false,"showSkybox":true,"showFlares":true,"showImageEffects":true,"showParticleSystems":true},"in2DMode":false,"pivot":{"x":-1.1129865646362305,"y":3.30649995803833,"z":0.6146053075790405},"rotation":{"x":-0.11017032712697983,"y":0.7104001045227051,"z":-0.11414095759391785,"w":-0.6856890320777893},"size":5.682000637054443,"orthographic":false}