{"cameraMode":{"drawMode":0,"name":"Shaded","section":"Shading Mode"},"sceneLighting":true,"audioPlay":false,"sceneViewState":{"showFog":true,"showMaterialUpdate":false,"showSkybox":true,"showFlares":true,"showImageEffects":true,"showParticleSystems":true},"in2DMode":false,"pivot":{"x":0.9792256355285645,"y":1.9769840240478516,"z":-1.2794694900512696},"rotation":{"x":-0.14245033264160157,"y":0.8286784291267395,"z":-0.2444121539592743,"w":-0.48298022150993349},"size":5.967268466949463,"orthographic":false}